Application ID,Application Date,Channel, Amount Requested ,Risk Class,Decision,Decision Code,Outcome, Revenue/ (Loss) 
100000,12/1/2010,Online, $500 ,N,Decline,D,n/a, $-   
100001,12/1/2010,Online, $300 ,N,Decline,D,n/a, $-   
100002,12/1/2010,Online, $500 ,B,Decline,D,n/a, $-   
100003,12/1/2010,Store, $500 ,B,Approve,S,Good = Pay, $50 
100004,12/1/2010,Store, $500 ,N,Decline,D,n/a, $-   
100005,12/1/2010,Online, $300 ,J,Decline,D,n/a, $-   
100006,12/1/2010,Store, $500 ,B,Approve,S,Good = Pay, $50 
100007,12/1/2010,Online, $500 ,N,Decline,D,n/a, $-   
100008,12/1/2010,Store, $500 ,B,Approve,S,Good = Pay, $50 
100009,12/1/2010,Online, $200 ,J,Approve,S,Good = Pay, $20 
100010,12/1/2010,Store, $500 ,N,Decline,D,n/a, $-   
100011,12/1/2010,Online, $300 ,B,Approve,U,Good = Pay, $30 
100012,12/1/2010,Online, $500 ,N,Decline,D,n/a, $-   
100013,12/1/2010,Store, $500 ,J,Decline,D,n/a, $-   
100014,12/1/2010,Online, $200 ,B,Approve,U,Good = Pay, $20 
100015,12/1/2010,Store, $500 ,B,Approve,S,Good = Pay, $50 
100016,12/1/2010,Online, $300 ,B,Approve,U,Good = Pay, $30 
100017,12/2/2010,Online, $200 ,B,Approve,U,Good = Pay, $20 
100018,12/2/2010,Store, $200 ,B,Approve,U,Good = Pay, $20 
100019,12/2/2010,Online, $500 ,B,Decline,D,n/a, $-   
100020,12/2/2010,Online, $300 ,N,Decline,D,n/a, $-   
100021,12/2/2010,Store, $500 ,B,Approve,S,Good = Pay, $50 
100022,12/2/2010,Online, $200 ,B,Approve,U,Bad = Default, $(200)
100023,12/2/2010,Store, $200 ,B,Approve,U,Good = Pay, $20 
100024,12/2/2010,Online, $500 ,J,Decline,D,n/a, $-   
100025,12/2/2010,Online, $500 ,B,Decline,D,n/a, $-   
100026,12/2/2010,Online, $500 ,B,Decline,D,n/a, $-   
100027,12/2/2010,Online, $200 ,N,Decline,D,n/a, $-   
100028,12/2/2010,Online, $500 ,J,Decline,D,n/a, $-   
100029,12/2/2010,Online, $300 ,B,Approve,U,Good = Pay, $30 
100030,12/2/2010,Online, $200 ,N,Decline,D,n/a, $-   
100031,12/2/2010,Online, $500 ,N,Decline,D,n/a, $-   
100032,12/2/2010,Online, $200 ,B,Approve,U,Good = Pay, $20 
100033,12/2/2010,Online, $500 ,J,Decline,D,n/a, $-   
100034,12/2/2010,Online, $300 ,N,Decline,D,n/a, $-   
100035,12/2/2010,Store, $200 ,B,Approve,U,Good = Pay, $20 
100036,12/2/2010,Store, $500 ,B,Approve,S,Good = Pay, $50 
100037,12/3/2010,Online, $500 ,J,Decline,D,n/a, $-   
100038,12/3/2010,Store, $500 ,B,Approve,S,Good = Pay, $50 
100039,12/3/2010,Store, $200 ,B,Approve,U,Good = Pay, $20 
100040,12/3/2010,Online, $200 ,J,Approve,S,Good = Pay, $20 
100041,12/3/2010,Online, $500 ,N,Decline,D,n/a, $-   
100042,12/3/2010,Online, $500 ,N,Decline,D,n/a, $-   
100043,12/3/2010,Online, $500 ,B,Decline,D,n/a, $-   
100044,12/3/2010,Online, $500 ,B,Decline,D,n/a, $-   
100045,12/3/2010,Store, $200 ,B,Approve,U,Good = Pay, $20 
100046,12/3/2010,Store, $500 ,B,Approve,S,Good = Pay, $50 
100047,12/3/2010,Online, $300 ,N,Decline,D,n/a, $-   
100048,12/3/2010,Online, $200 ,J,Approve,S,Bad = Default, $(100)
100049,12/3/2010,Store, $500 ,N,Decline,D,n/a, $-   
100050,12/3/2010,Store, $500 ,B,Approve,S,Good = Pay, $50 
100051,12/3/2010,Online, $500 ,N,Decline,D,n/a, $-   
100052,12/3/2010,Online, $300 ,J,Decline,D,n/a, $-   
100053,12/3/2010,Online, $200 ,B,Approve,U,Bad = Default, $(200)
100054,12/3/2010,Online, $500 ,N,Decline,D,n/a, $-   
100055,12/3/2010,Store, $500 ,N,Decline,D,n/a, $-   
100056,12/3/2010,Store, $500 ,B,Approve,S,Good = Pay, $50 
100057,12/6/2010,Store, $200 ,B,Approve,U,Good = Pay, $20 
100058,12/6/2010,Online, $500 ,B,Decline,D,n/a, $-   
100059,12/6/2010,Store, $300 ,B,Approve,U,Good = Pay, $30 
100060,12/6/2010,Store, $200 ,N,Approve,S,Good = Pay, $20 
100061,12/6/2010,Online, $500 ,B,Decline,D,n/a, $-   
100062,12/6/2010,Online, $500 ,J,Decline,D,n/a, $-   
100063,12/6/2010,Online, $500 ,B,Decline,D,n/a, $-   
100064,12/6/2010,Online, $200 ,N,Decline,D,n/a, $-   
100065,12/6/2010,Online, $500 ,B,Decline,D,n/a, $-   
100066,12/6/2010,Online, $500 ,B,Decline,D,n/a, $-   
100067,12/6/2010,Store, $200 ,B,Approve,U,Good = Pay, $20 
100068,12/6/2010,Store, $500 ,J,Decline,D,n/a, $-   
100069,12/6/2010,Online, $500 ,N,Decline,D,n/a, $-   
100070,12/6/2010,Online, $500 ,B,Decline,D,n/a, $-   
100071,12/6/2010,Store, $200 ,N,Approve,S,Good = Pay, $20 
100072,12/6/2010,Online, $500 ,N,Decline,D,n/a, $-   
100073,12/6/2010,Store, $500 ,B,Approve,S,Good = Pay, $50 
100074,12/6/2010,Store, $500 ,B,Approve,S,Bad = Default, $(400)
100075,12/6/2010,Online, $300 ,B,Approve,U,Good = Pay, $30 
100076,12/6/2010,Online, $200 ,N,Decline,D,n/a, $-   
100077,12/6/2010,Store, $500 ,J,Decline,D,n/a, $-   
100078,12/6/2010,Store, $500 ,B,Approve,S,Good = Pay, $50 
100079,12/6/2010,Store, $500 ,B,Approve,S,Good = Pay, $50 
100080,12/6/2010,Store, $500 ,N,Decline,D,n/a, $-   
100081,12/6/2010,Online, $500 ,N,Decline,D,n/a, $-   
100082,12/6/2010,Store, $200 ,B,Approve,U,Good = Pay, $20 
100083,12/6/2010,Online, $500 ,B,Decline,D,n/a, $-   
100084,12/6/2010,Store, $300 ,B,Approve,U,Bad = Default, $(300)
100085,12/6/2010,Store, $200 ,N,Approve,S,Good = Pay, $20 
100086,12/6/2010,Online, $500 ,B,Decline,D,n/a, $-   
100087,12/6/2010,Online, $500 ,J,Decline,D,n/a, $-   
100088,12/6/2010,Online, $500 ,B,Decline,D,n/a, $-   
100089,12/6/2010,Online, $200 ,N,Decline,D,n/a, $-   
100090,12/6/2010,Online, $500 ,B,Decline,D,n/a, $-   
100091,12/6/2010,Online, $500 ,B,Decline,D,n/a, $-   
100092,12/6/2010,Store, $200 ,B,Approve,U,Good = Pay, $20 
100093,12/6/2010,Store, $200 ,N,Approve,S,Good = Pay, $20 
100094,12/6/2010,Store, $500 ,J,Decline,D,n/a, $-   
100095,12/6/2010,Online, $500 ,N,Decline,D,n/a, $-   
100096,12/6/2010,Online, $500 ,B,Decline,D,n/a, $-   
100097,12/6/2010,Store, $200 ,N,Approve,S,Good = Pay, $20 
100098,12/6/2010,Online, $500 ,N,Decline,D,n/a, $-   
100099,12/6/2010,Store, $500 ,B,Approve,S,Good = Pay, $50 
100100,12/6/2010,Store, $500 ,B,Approve,S,Good = Pay, $50 
100101,12/6/2010,Online, $200 ,B,Approve,U,Bad = Default, $(200)
100102,12/6/2010,Online, $500 ,B,Decline,D,n/a, $-   
100103,12/6/2010,Store, $300 ,B,Approve,U,Good = Pay, $30 
100104,12/6/2010,Store, $200 ,B,Approve,U,Good = Pay, $20 
100105,12/6/2010,Online, $500 ,N,Decline,D,n/a, $-   
100106,12/6/2010,Online, $500 ,J,Decline,D,n/a, $-   
100107,12/6/2010,Online, $500 ,B,Decline,D,n/a, $-   
100108,12/6/2010,Online, $300 ,B,Approve,U,Good = Pay, $30 
100109,12/6/2010,Online, $200 ,N,Decline,D,n/a, $-   
100110,12/6/2010,Store, $500 ,J,Decline,D,n/a, $-   
100111,12/6/2010,Store, $500 ,B,Approve,S,Bad = Default, $(400)
100112,12/6/2010,Store, $500 ,B,Approve,S,Bad = Default, $(400)
100113,12/6/2010,Store, $500 ,N,Decline,D,n/a, $-   
100114,12/6/2010,Online, $500 ,N,Decline,D,n/a, $-   
100115,12/6/2010,Store, $200 ,B,Approve,U,Bad = Default, $(200)
100116,12/6/2010,Online, $500 ,B,Decline,D,n/a, $-   
100117,12/6/2010,Store, $300 ,B,Approve,U,Bad = Default, $(300)
100118,12/6/2010,Store, $200 ,N,Approve,S,Good = Pay, $20 
100119,12/6/2010,Online, $500 ,B,Decline,D,n/a, $-   
100120,12/6/2010,Online, $500 ,J,Decline,D,n/a, $-   
100121,12/6/2010,Online, $500 ,B,Decline,D,n/a, $-   
100122,12/6/2010,Online, $200 ,N,Decline,D,n/a, $-   
100123,12/6/2010,Online, $500 ,B,Decline,D,n/a, $-   
100124,12/6/2010,Online, $500 ,B,Decline,D,n/a, $-   
100125,12/6/2010,Store, $200 ,B,Approve,U,Good = Pay, $20 
100126,12/6/2010,Store, $200 ,N,Approve,S,Good = Pay, $20 
100127,12/6/2010,Store, $500 ,J,Decline,D,n/a, $-   
100128,12/6/2010,Online, $500 ,N,Decline,D,n/a, $-   
100129,12/6/2010,Online, $500 ,B,Decline,D,n/a, $-   
100130,12/6/2010,Store, $200 ,N,Approve,S,Good = Pay, $20 
100131,12/6/2010,Online, $500 ,N,Decline,D,n/a, $-   
100132,12/6/2010,Store, $500 ,B,Approve,S,Good = Pay, $50 
100133,12/6/2010,Store, $500 ,B,Approve,S,Bad = Default, $(400)
100134,12/6/2010,Online, $200 ,B,Approve,U,Good = Pay, $20 
100135,12/6/2010,Online, $500 ,B,Decline,D,n/a, $-   
100136,12/6/2010,Store, $300 ,B,Approve,U,Good = Pay, $30 
100137,12/6/2010,Store, $200 ,B,Approve,U,Good = Pay, $20 
100138,12/6/2010,Online, $500 ,N,Decline,D,n/a, $-   
100139,12/6/2010,Online, $500 ,J,Decline,D,n/a, $-   
100140,12/6/2010,Online, $500 ,B,Decline,D,n/a, $-   
100141,12/6/2010,Online, $300 ,B,Approve,U,Good = Pay, $30 
100142,12/6/2010,Online, $200 ,N,Decline,D,n/a, $-   
100143,12/6/2010,Store, $500 ,J,Decline,D,n/a, $-   
100144,12/6/2010,Store, $500 ,B,Approve,S,Good = Pay, $50 
100145,12/6/2010,Store, $500 ,B,Approve,S,Good = Pay, $50 
100146,12/6/2010,Store, $500 ,N,Decline,D,n/a, $-   
100147,12/6/2010,Online, $500 ,N,Decline,D,n/a, $-   
100148,12/6/2010,Store, $200 ,B,Approve,U,Good = Pay, $20 
100149,12/6/2010,Online, $500 ,B,Decline,D,n/a, $-   
100150,12/6/2010,Store, $300 ,B,Approve,U,Good = Pay, $30 
100151,12/6/2010,Store, $200 ,N,Approve,S,Good = Pay, $20 
100152,12/6/2010,Online, $500 ,B,Decline,D,n/a, $-   
100153,12/6/2010,Online, $500 ,J,Decline,D,n/a, $-   
100154,12/6/2010,Online, $500 ,B,Decline,D,n/a, $-   
100155,12/6/2010,Online, $200 ,N,Decline,D,n/a, $-   
100156,12/6/2010,Online, $500 ,B,Decline,D,n/a, $-   
100157,12/6/2010,Online, $500 ,B,Decline,D,n/a, $-   
100158,12/6/2010,Store, $200 ,B,Approve,U,Good = Pay, $20 
100159,12/6/2010,Store, $500 ,J,Decline,D,n/a, $-   
100160,12/6/2010,Online, $500 ,N,Decline,D,n/a, $-   
100161,12/6/2010,Online, $500 ,B,Decline,D,n/a, $-   
100162,12/6/2010,Store, $200 ,N,Approve,S,Good = Pay, $20 
100163,12/6/2010,Online, $500 ,N,Decline,D,n/a, $-   
100164,12/6/2010,Store, $500 ,B,Approve,S,Good = Pay, $50 
100165,12/6/2010,Store, $500 ,B,Approve,S,Good = Pay, $50 
100166,12/7/2010,Store, $500 ,J,Decline,D,n/a, $-   
100167,12/7/2010,Online, $300 ,B,Approve,U,Good = Pay, $30 
100168,12/7/2010,Online, $200 ,B,Approve,U,Good = Pay, $20 
100169,12/7/2010,Online, $500 ,B,Decline,D,n/a, $-   
100170,12/7/2010,Online, $500 ,B,Decline,D,n/a, $-   
100171,12/7/2010,Online, $500 ,J,Decline,D,n/a, $-   
100172,12/7/2010,Online, $200 ,B,Approve,U,Good = Pay, $20 
100173,12/7/2010,Online, $500 ,B,Decline,D,n/a, $-   
100174,12/7/2010,Online, $300 ,N,Decline,D,n/a, $-   
100175,12/7/2010,Online, $200 ,J,Approve,S,Good = Pay, $20 
100176,12/7/2010,Store, $500 ,N,Decline,D,n/a, $-   
100177,12/7/2010,Online, $200 ,B,Approve,U,Good = Pay, $20 
100178,12/7/2010,Store, $500 ,B,Approve,S,Good = Pay, $50 
100179,12/7/2010,Online, $500 ,N,Decline,D,n/a, $-   
100180,12/7/2010,Online, $500 ,J,Decline,D,n/a, $-   
100181,12/7/2010,Online, $200 ,B,Approve,U,Good = Pay, $20 
100182,12/7/2010,Store, $500 ,N,Decline,D,n/a, $-   
100183,12/7/2010,Store, $500 ,N,Decline,D,n/a, $-   
100184,12/7/2010,Store, $200 ,B,Approve,U,Good = Pay, $20 
100185,12/7/2010,Online, $300 ,J,Decline,D,n/a, $-   
100186,12/7/2010,Online, $200 ,B,Approve,U,Good = Pay, $20 
100187,12/7/2010,Online, $500 ,B,Decline,D,n/a, $-   
100188,12/7/2010,Store, $500 ,N,Decline,D,n/a, $-   
100189,12/7/2010,Online, $200 ,N,Decline,D,n/a, $-   
100190,12/7/2010,Store, $500 ,B,Approve,S,Good = Pay, $50 
100191,12/7/2010,Store, $300 ,B,Approve,U,Good = Pay, $30 
100192,12/7/2010,Online, $200 ,B,Approve,U,Good = Pay, $20 
100193,12/7/2010,Online, $500 ,B,Decline,D,n/a, $-   
100194,12/7/2010,Online, $500 ,N,Decline,D,n/a, $-   
100195,12/7/2010,Online, $500 ,B,Decline,D,n/a, $-   
100196,12/7/2010,Online, $200 ,J,Approve,S,Good = Pay, $20 
100197,12/7/2010,Store, $500 ,B,Approve,S,Good = Pay, $50 
100198,12/7/2010,Store, $200 ,B,Approve,U,Good = Pay, $20 
100199,12/7/2010,Online, $500 ,B,Decline,D,n/a, $-   
100200,12/7/2010,Online, $500 ,N,Decline,D,n/a, $-   
100201,12/7/2010,Store, $500 ,J,Decline,D,n/a, $-   
100202,12/7/2010,Store, $200 ,N,Approve,S,Good = Pay, $20 
100203,12/7/2010,Store, $500 ,J,Decline,D,n/a, $-   
100204,12/7/2010,Online, $300 ,J,Decline,D,n/a, $-   
100205,12/7/2010,Store, $500 ,B,Approve,S,Good = Pay, $50 
100206,12/7/2010,Store, $500 ,J,Decline,D,n/a, $-   
100207,12/7/2010,Store, $500 ,B,Approve,S,Good = Pay, $50 
100208,12/7/2010,Online, $200 ,N,Decline,D,n/a, $-   
100209,12/7/2010,Store, $500 ,J,Decline,D,n/a, $-   
100210,12/7/2010,Online, $200 ,N,Decline,D,n/a, $-   
100211,12/7/2010,Online, $500 ,B,Decline,D,n/a, $-   
100212,12/7/2010,Online, $500 ,B,Decline,D,n/a, $-   
100213,12/7/2010,Online, $300 ,B,Approve,U,Good = Pay, $30 
100214,12/7/2010,Online, $200 ,J,Approve,S,Good = Pay, $20 
100215,12/7/2010,Online, $500 ,B,Decline,D,n/a, $-   
100216,12/7/2010,Online, $500 ,B,Decline,D,n/a, $-   
100217,12/7/2010,Online, $500 ,N,Decline,D,n/a, $-   
100218,12/7/2010,Online, $200 ,J,Approve,S,Good = Pay, $20 
100219,12/7/2010,Store, $500 ,B,Approve,S,Good = Pay, $50 
100220,12/7/2010,Online, $300 ,B,Approve,U,Good = Pay, $30 
100221,12/7/2010,Store, $200 ,N,Approve,S,Good = Pay, $20 
100222,12/7/2010,Online, $200 ,B,Approve,U,Good = Pay, $20 
100223,12/7/2010,Store, $500 ,B,Approve,S,Good = Pay, $50 
100224,12/7/2010,Online, $500 ,N,Decline,D,n/a, $-   
100225,12/7/2010,Store, $300 ,B,Approve,U,Good = Pay, $30 
100226,12/7/2010,Online, $500 ,B,Decline,D,n/a, $-   
100227,12/7/2010,Online, $200 ,N,Decline,D,n/a, $-   
100228,12/7/2010,Store, $200 ,B,Approve,U,Good = Pay, $20 
100229,12/7/2010,Store, $500 ,B,Approve,S,Good = Pay, $50 
100230,12/7/2010,Store, $500 ,B,Approve,S,Good = Pay, $50 
100231,12/7/2010,Online, $300 ,N,Decline,D,n/a, $-   
100232,12/7/2010,Online, $200 ,N,Decline,D,n/a, $-   
100233,12/7/2010,Online, $500 ,B,Decline,D,n/a, $-   
100234,12/8/2010,Store, $500 ,N,Decline,D,n/a, $-   
100235,12/8/2010,Store, $300 ,B,Approve,U,Good = Pay, $30 
100236,12/8/2010,Online, $200 ,J,Approve,S,Good = Pay, $20 
100237,12/8/2010,Online, $500 ,B,Decline,D,n/a, $-   
100238,12/8/2010,Online, $300 ,N,Decline,D,n/a, $-   
100239,12/8/2010,Online, $200 ,J,Approve,S,Good = Pay, $20 
100240,12/8/2010,Online, $500 ,B,Decline,D,n/a, $-   
100241,12/8/2010,Online, $500 ,B,Decline,D,n/a, $-   
100242,12/8/2010,Online, $500 ,B,Decline,D,n/a, $-   
100243,12/8/2010,Online, $200 ,B,Approve,U,Good = Pay, $20 
100244,12/8/2010,Online, $500 ,J,Decline,D,n/a, $-   
100245,12/8/2010,Online, $300 ,B,Approve,U,Good = Pay, $30 
100246,12/8/2010,Store, $500 ,B,Approve,S,Good = Pay, $50 
100247,12/8/2010,Store, $500 ,N,Decline,D,n/a, $-   
100248,12/8/2010,Store, $200 ,B,Approve,U,Good = Pay, $20 
100249,12/8/2010,Store, $500 ,J,Decline,D,n/a, $-   
100250,12/8/2010,Online, $300 ,B,Approve,U,Good = Pay, $30 
100251,12/8/2010,Online, $200 ,N,Decline,D,n/a, $-   
100252,12/8/2010,Online, $500 ,J,Decline,D,n/a, $-   
100253,12/8/2010,Online, $300 ,N,Decline,D,n/a, $-   
100254,12/8/2010,Online, $200 ,B,Approve,U,Good = Pay, $20 
100255,12/8/2010,Online, $500 ,N,Decline,D,n/a, $-   
100256,12/8/2010,Online, $500 ,J,Decline,D,n/a, $-   
100257,12/8/2010,Online, $500 ,B,Decline,D,n/a, $-   
100258,12/8/2010,Online, $200 ,B,Approve,U,Good = Pay, $20 
100259,12/8/2010,Online, $500 ,B,Decline,D,n/a, $-   
100260,12/8/2010,Store, $500 ,B,Approve,S,Good = Pay, $50 
100261,12/8/2010,Store, $200 ,J,Approve,U,Good = Pay, $20 
100262,12/8/2010,Store, $200 ,N,Approve,S,Good = Pay, $20 
100263,12/8/2010,Online, $300 ,N,Decline,D,n/a, $-   
100264,12/8/2010,Store, $500 ,J,Decline,D,n/a, $-   
100265,12/8/2010,Online, $200 ,B,Approve,U,Bad = Default, $(200)
100266,12/8/2010,Store, $500 ,B,Approve,S,Good = Pay, $50 
100267,12/8/2010,Store, $200 ,B,Approve,U,Good = Pay, $20 
100268,12/8/2010,Store, $200 ,B,Approve,U,Good = Pay, $20 
100269,12/8/2010,Store, $500 ,J,Decline,D,n/a, $-   
100270,12/8/2010,Online, $300 ,N,Decline,D,n/a, $-   
100271,12/8/2010,Online, $500 ,B,Decline,D,n/a, $-   
100272,12/8/2010,Online, $500 ,J,Decline,D,n/a, $-   
100273,12/8/2010,Store, $500 ,J,Decline,D,n/a, $-   
100274,12/8/2010,Online, $500 ,B,Decline,D,n/a, $-   
100275,12/8/2010,Store, $500 ,N,Decline,D,n/a, $-   
100276,12/8/2010,Online, $500 ,B,Decline,D,n/a, $-   
100277,12/8/2010,Store, $200 ,J,Approve,U,Good = Pay, $20 
100278,12/8/2010,Store, $500 ,N,Decline,D,n/a, $-   
100279,12/8/2010,Store, $200 ,B,Approve,U,Good = Pay, $20 
100280,12/8/2010,Online, $500 ,B,Decline,D,n/a, $-   
100281,12/8/2010,Online, $500 ,N,Decline,D,n/a, $-   
100282,12/8/2010,Store, $300 ,B,Approve,U,Good = Pay, $30 
100283,12/8/2010,Online, $200 ,N,Decline,D,n/a, $-   
100284,12/8/2010,Store, $300 ,B,Approve,U,Good = Pay, $30 
100285,12/8/2010,Online, $500 ,J,Decline,D,n/a, $-   
100286,12/8/2010,Store, $500 ,N,Decline,D,n/a, $-   
100287,12/8/2010,Online, $500 ,N,Decline,D,n/a, $-   
100288,12/8/2010,Store, $200 ,B,Approve,U,Good = Pay, $20 
100289,12/8/2010,Online, $500 ,B,Decline,D,n/a, $-   
100290,12/8/2010,Online, $500 ,B,Decline,D,n/a, $-   
100291,12/8/2010,Online, $200 ,B,Approve,U,Good = Pay, $20 
100292,12/8/2010,Online, $500 ,B,Decline,D,n/a, $-   
100293,12/9/2010,Store, $500 ,B,Approve,S,Good = Pay, $50 
100294,12/9/2010,Store, $500 ,B,Approve,S,Good = Pay, $50 
100295,12/9/2010,Online, $500 ,N,Decline,D,n/a, $-   
100296,12/9/2010,Store, $500 ,B,Approve,S,Good = Pay, $50 
100297,12/9/2010,Online, $200 ,N,Decline,D,n/a, $-   
100298,12/9/2010,Online, $500 ,B,Decline,D,n/a, $-   
100299,12/9/2010,Online, $500 ,J,Decline,D,n/a, $-   
100300,12/9/2010,Online, $500 ,N,Decline,D,n/a, $-   
100301,12/9/2010,Online, $200 ,B,Approve,U,Good = Pay, $20 
100302,12/9/2010,Online, $500 ,B,Decline,D,n/a, $-   
100303,12/9/2010,Online, $300 ,B,Approve,U,Good = Pay, $30 
100304,12/9/2010,Online, $200 ,B,Approve,U,Good = Pay, $20 
100305,12/9/2010,Online, $500 ,B,Decline,D,n/a, $-   
100306,12/9/2010,Store, $200 ,B,Approve,U,Good = Pay, $20 
100307,12/9/2010,Store, $500 ,B,Approve,S,Good = Pay, $50 
100308,12/9/2010,Store, $300 ,J,Approve,U,Good = Pay, $30 
100309,12/9/2010,Online, $200 ,B,Approve,U,Good = Pay, $20 
100310,12/9/2010,Online, $500 ,B,Decline,D,n/a, $-   
100311,12/9/2010,Store, $500 ,B,Approve,S,Good = Pay, $50 
100312,12/9/2010,Online, $500 ,B,Decline,D,n/a, $-   
100313,12/9/2010,Online, $500 ,B,Decline,D,n/a, $-   
100314,12/9/2010,Online, $200 ,B,Approve,U,Good = Pay, $20 
100315,12/9/2010,Online, $500 ,N,Decline,D,n/a, $-   
100316,12/9/2010,Online, $300 ,B,Approve,U,Good = Pay, $30 
100317,12/9/2010,Online, $200 ,J,Approve,S,Good = Pay, $20 
100318,12/9/2010,Online, $500 ,B,Decline,D,n/a, $-   
100319,12/9/2010,Online, $500 ,N,Decline,D,n/a, $-   
100320,12/9/2010,Online, $500 ,B,Decline,D,n/a, $-   
100321,12/9/2010,Online, $200 ,J,Approve,S,Good = Pay, $20 
100322,12/9/2010,Online, $500 ,N,Decline,D,n/a, $-   
100323,12/9/2010,Online, $300 ,B,Approve,U,Good = Pay, $30 
100324,12/9/2010,Online, $200 ,B,Approve,U,Good = Pay, $20 
100325,12/9/2010,Store, $500 ,B,Approve,S,Good = Pay, $50 
100326,12/9/2010,Store, $200 ,B,Approve,U,Good = Pay, $20 
100327,12/9/2010,Online, $500 ,B,Decline,D,n/a, $-   
100328,12/9/2010,Store, $200 ,B,Approve,U,Good = Pay, $20 
100329,12/9/2010,Store, $200 ,B,Approve,U,Good = Pay, $20 
100330,12/9/2010,Online, $500 ,B,Decline,D,n/a, $-   
100331,12/9/2010,Store, $200 ,N,Approve,S,Good = Pay, $20 
100332,12/9/2010,Online, $500 ,N,Decline,D,n/a, $-   
100333,12/9/2010,Store, $500 ,B,Approve,S,Good = Pay, $50 
100334,12/9/2010,Store, $500 ,B,Approve,S,Good = Pay, $50 
100335,12/9/2010,Store, $500 ,B,Approve,S,Good = Pay, $50 
100336,12/9/2010,Online, $500 ,J,Decline,D,n/a, $-   
100337,12/9/2010,Store, $200 ,B,Approve,U,Good = Pay, $20 
100338,12/9/2010,Online, $300 ,J,Decline,D,n/a, $-   
100339,12/9/2010,Store, $500 ,B,Approve,S,Good = Pay, $50 
100340,12/9/2010,Online, $500 ,B,Decline,D,n/a, $-   
100341,12/9/2010,Online, $300 ,B,Approve,U,Good = Pay, $30 
100342,12/9/2010,Online, $500 ,N,Decline,D,n/a, $-   
100343,12/9/2010,Online, $500 ,B,Decline,D,n/a, $-   
100344,12/10/2010,Store, $200 ,B,Approve,U,Good = Pay, $20 
100345,12/10/2010,Online, $500 ,B,Decline,D,n/a, $-   
100346,12/10/2010,Store, $300 ,J,Approve,U,Good = Pay, $30 
100347,12/10/2010,Store, $200 ,B,Approve,U,Good = Pay, $20 
100348,12/10/2010,Store, $200 ,B,Approve,U,Good = Pay, $20 
100349,12/10/2010,Online, $500 ,N,Decline,D,n/a, $-   
100350,12/10/2010,Online, $500 ,N,Decline,D,n/a, $-   
100351,12/10/2010,Online, $500 ,J,Decline,D,n/a, $-   
100352,12/10/2010,Online, $200 ,B,Approve,U,Good = Pay, $20 
100353,12/10/2010,Online, $500 ,N,Decline,D,n/a, $-   
100354,12/10/2010,Online, $300 ,N,Decline,D,n/a, $-   
100355,12/10/2010,Online, $200 ,B,Approve,U,Good = Pay, $20 
100356,12/10/2010,Online, $500 ,B,Decline,D,n/a, $-   
100357,12/10/2010,Online, $500 ,B,Decline,D,n/a, $-   
100358,12/10/2010,Online, $500 ,B,Decline,D,n/a, $-   
100359,12/10/2010,Store, $300 ,B,Approve,U,Good = Pay, $30 
100360,12/10/2010,Store, $200 ,B,Approve,U,Good = Pay, $20 
100361,12/10/2010,Online, $500 ,B,Decline,D,n/a, $-   
100362,12/10/2010,Online, $500 ,B,Decline,D,n/a, $-   
100363,12/10/2010,Online, $500 ,B,Decline,D,n/a, $-   
100364,12/10/2010,Store, $500 ,N,Decline,D,n/a, $-   
100365,12/10/2010,Store, $500 ,B,Approve,S,Bad = Default, $(400)
100366,12/10/2010,Online, $500 ,J,Decline,D,n/a, $-   
100367,12/10/2010,Online, $200 ,B,Approve,U,Good = Pay, $20 
100368,12/10/2010,Online, $500 ,B,Decline,D,n/a, $-   
100369,12/10/2010,Online, $300 ,B,Approve,U,Good = Pay, $30 
100370,12/10/2010,Online, $200 ,B,Approve,U,Good = Pay, $20 
100371,12/10/2010,Store, $300 ,N,Decline,D,n/a, $-   
100372,12/10/2010,Online, $200 ,B,Approve,U,Good = Pay, $20 
100373,12/10/2010,Store, $500 ,B,Approve,S,Good = Pay, $50 
100374,12/10/2010,Online, $500 ,B,Decline,D,n/a, $-   
100375,12/10/2010,Store, $500 ,B,Approve,S,Good = Pay, $50 
100376,12/10/2010,Online, $200 ,N,Decline,D,n/a, $-   
100377,12/10/2010,Online, $500 ,B,Decline,D,n/a, $-   
100378,12/10/2010,Online, $500 ,J,Decline,D,n/a, $-   
100379,12/10/2010,Online, $300 ,B,Approve,U,Good = Pay, $30 
100380,12/10/2010,Online, $500 ,J,Decline,D,n/a, $-   
100381,12/10/2010,Store, $500 ,B,Approve,S,Good = Pay, $50 
100382,12/10/2010,Online, $500 ,B,Decline,D,n/a, $-   
100383,12/10/2010,Store, $500 ,B,Approve,S,Good = Pay, $50 
100384,12/10/2010,Store, $500 ,N,Decline,D,n/a, $-   
100385,12/10/2010,Online, $200 ,J,Approve,S,Good = Pay, $20 
100386,12/10/2010,Online, $500 ,N,Decline,D,n/a, $-   
100387,12/10/2010,Online, $300 ,B,Approve,U,Good = Pay, $30 
100388,12/10/2010,Online, $200 ,N,Decline,D,n/a, $-   
100389,12/10/2010,Online, $500 ,J,Decline,D,n/a, $-   
100390,12/10/2010,Store, $500 ,B,Approve,S,Good = Pay, $50 
100391,12/10/2010,Store, $500 ,B,Approve,S,Good = Pay, $50 
100392,12/10/2010,Online, $200 ,B,Approve,U,Good = Pay, $20 
100393,12/10/2010,Online, $500 ,B,Decline,D,n/a, $-   
100394,12/10/2010,Store, $300 ,J,Approve,U,Good = Pay, $30 
100395,12/10/2010,Online, $200 ,N,Decline,D,n/a, $-   
100396,12/10/2010,Online, $500 ,B,Decline,D,n/a, $-   
100397,12/10/2010,Online, $300 ,J,Decline,D,n/a, $-   
100398,12/10/2010,Online, $200 ,B,Approve,U,Good = Pay, $20 
100399,12/10/2010,Online, $500 ,N,Decline,D,n/a, $-   
100400,12/10/2010,Store, $500 ,B,Approve,S,Good = Pay, $50 
100401,12/10/2010,Store, $200 ,B,Approve,U,Good = Pay, $20 
100402,12/10/2010,Store, $500 ,N,Decline,D,n/a, $-   
100403,12/10/2010,Online, $300 ,J,Decline,D,n/a, $-   
100404,12/10/2010,Online, $200 ,N,Decline,D,n/a, $-   
100405,12/10/2010,Online, $500 ,B,Decline,D,n/a, $-   
100406,12/10/2010,Online, $500 ,N,Decline,D,n/a, $-   
100407,12/10/2010,Online, $500 ,J,Decline,D,n/a, $-   
100408,12/10/2010,Online, $200 ,B,Approve,U,Good = Pay, $20 
100409,12/10/2010,Store, $300 ,N,Decline,D,n/a, $-   
100410,12/10/2010,Store, $200 ,N,Approve,S,Good = Pay, $20 
100411,12/10/2010,Store, $500 ,B,Approve,S,Good = Pay, $50 
100412,12/10/2010,Store, $500 ,B,Approve,S,Good = Pay, $50 
100413,12/10/2010,Store, $500 ,B,Approve,S,Good = Pay, $50 
100414,12/13/2010,Store, $200 ,N,Approve,S,Good = Pay, $20 
100415,12/13/2010,Online, $500 ,B,Decline,D,n/a, $-   
100416,12/13/2010,Store, $500 ,N,Decline,D,n/a, $-   
100417,12/13/2010,Store, $300 ,B,Approve,U,Good = Pay, $30 
100418,12/13/2010,Online, $500 ,B,Decline,D,n/a, $-   
100419,12/13/2010,Online, $500 ,J,Decline,D,n/a, $-   
100420,12/13/2010,Online, $500 ,B,Decline,D,n/a, $-   
100421,12/13/2010,Online, $500 ,B,Decline,D,n/a, $-   
100422,12/13/2010,Online, $200 ,N,Decline,D,n/a, $-   
100423,12/13/2010,Online, $500 ,J,Decline,D,n/a, $-   
100424,12/13/2010,Online, $300 ,B,Approve,U,Good = Pay, $30 
100425,12/13/2010,Online, $200 ,N,Decline,D,n/a, $-   
100426,12/13/2010,Online, $500 ,N,Decline,D,n/a, $-   
100427,12/13/2010,Online, $500 ,B,Decline,D,n/a, $-   
100428,12/13/2010,Store, $500 ,B,Approve,S,Bad = Default, $(400)
100429,12/13/2010,Online, $500 ,J,Decline,D,n/a, $-   
100430,12/13/2010,Online, $300 ,N,Decline,D,n/a, $-   
100431,12/13/2010,Online, $200 ,B,Approve,U,Good = Pay, $20 
100432,12/13/2010,Online, $500 ,B,Decline,D,n/a, $-   
100433,12/13/2010,Online, $500 ,B,Decline,D,n/a, $-   
100434,12/13/2010,Online, $200 ,J,Approve,S,Good = Pay, $20 
100435,12/13/2010,Store, $500 ,B,Approve,S,Good = Pay, $50 
100436,12/13/2010,Store, $500 ,N,Decline,D,n/a, $-   
100437,12/13/2010,Store, $300 ,N,Decline,D,n/a, $-   
100438,12/13/2010,Online, $500 ,B,Decline,D,n/a, $-   
100439,12/13/2010,Online, $500 ,B,Decline,D,n/a, $-   
100440,12/13/2010,Store, $500 ,B,Approve,S,Good = Pay, $50 
100441,12/13/2010,Online, $300 ,N,Decline,D,n/a, $-   
100442,12/13/2010,Online, $200 ,N,Decline,D,n/a, $-   
100443,12/13/2010,Online, $500 ,B,Decline,D,n/a, $-   
100444,12/13/2010,Store, $300 ,B,Approve,U,Good = Pay, $30 
100445,12/13/2010,Store, $500 ,B,Approve,S,Good = Pay, $50 
100446,12/13/2010,Store, $500 ,B,Approve,S,Good = Pay, $50 
100447,12/13/2010,Store, $500 ,N,Decline,D,n/a, $-   
100448,12/13/2010,Online, $500 ,N,Decline,D,n/a, $-   
100449,12/13/2010,Store, $200 ,B,Approve,U,Good = Pay, $20 
100450,12/13/2010,Online, $500 ,B,Decline,D,n/a, $-   
100451,12/13/2010,Store, $300 ,B,Approve,U,Good = Pay, $30 
100452,12/13/2010,Store, $200 ,N,Approve,S,Good = Pay, $20 
100453,12/13/2010,Online, $500 ,B,Decline,D,n/a, $-   
100454,12/13/2010,Online, $500 ,J,Decline,D,n/a, $-   
100455,12/13/2010,Online, $500 ,B,Decline,D,n/a, $-   
100456,12/13/2010,Online, $200 ,N,Decline,D,n/a, $-   
100457,12/13/2010,Online, $500 ,B,Decline,D,n/a, $-   
100458,12/13/2010,Online, $500 ,B,Decline,D,n/a, $-   
100459,12/13/2010,Store, $200 ,B,Approve,U,Good = Pay, $20 
100460,12/13/2010,Store, $200 ,N,Approve,S,Good = Pay, $20 
100461,12/13/2010,Store, $500 ,J,Decline,D,n/a, $-   
100462,12/13/2010,Online, $500 ,N,Decline,D,n/a, $-   
100463,12/13/2010,Online, $500 ,B,Decline,D,n/a, $-   
100464,12/13/2010,Store, $200 ,N,Approve,S,Bad = Default, $(100)
100465,12/13/2010,Online, $500 ,N,Decline,D,n/a, $-   
100466,12/13/2010,Store, $500 ,B,Approve,S,Good = Pay, $50 
100467,12/13/2010,Store, $500 ,B,Approve,S,Good = Pay, $50 
100468,12/13/2010,Online, $200 ,B,Approve,U,Good = Pay, $20 
100469,12/13/2010,Online, $500 ,B,Decline,D,n/a, $-   
100470,12/13/2010,Store, $300 ,B,Approve,U,Good = Pay, $30 
100471,12/13/2010,Store, $200 ,B,Approve,U,Good = Pay, $20 
100472,12/13/2010,Online, $500 ,N,Decline,D,n/a, $-   
100473,12/13/2010,Online, $500 ,J,Decline,D,n/a, $-   
100474,12/13/2010,Online, $500 ,B,Decline,D,n/a, $-   
100475,12/13/2010,Online, $300 ,B,Approve,U,Good = Pay, $30 
100476,12/13/2010,Online, $200 ,N,Decline,D,n/a, $-   
100477,12/13/2010,Store, $500 ,J,Decline,D,n/a, $-   
100478,12/13/2010,Store, $500 ,B,Approve,S,Good = Pay, $50 
100479,12/13/2010,Store, $500 ,B,Approve,S,Good = Pay, $50 
100480,12/13/2010,Store, $500 ,N,Decline,D,n/a, $-   
100481,12/13/2010,Online, $500 ,N,Decline,D,n/a, $-   
100482,12/13/2010,Store, $200 ,N,Approve,S,Good = Pay, $20 
100483,12/14/2010,Online, $500 ,B,Decline,D,n/a, $-   
100484,12/14/2010,Store, $200 ,B,Approve,U,Good = Pay, $20 
100485,12/14/2010,Online, $200 ,N,Decline,D,n/a, $-   
100486,12/14/2010,Online, $500 ,B,Decline,D,n/a, $-   
100487,12/14/2010,Online, $200 ,B,Approve,U,Good = Pay, $20 
100488,12/14/2010,Online, $500 ,N,Decline,D,n/a, $-   
100489,12/14/2010,Online, $500 ,B,Decline,D,n/a, $-   
100490,12/14/2010,Online, $200 ,J,Approve,S,Good = Pay, $20 
100491,12/14/2010,Online, $500 ,B,Decline,D,n/a, $-   
100492,12/14/2010,Online, $200 ,B,Approve,U,Good = Pay, $20 
100493,12/14/2010,Online, $500 ,B,Decline,D,n/a, $-   
100494,12/14/2010,Online, $300 ,N,Decline,D,n/a, $-   
100495,12/14/2010,Online, $200 ,J,Approve,S,Good = Pay, $20 
100496,12/14/2010,Online, $500 ,N,Decline,D,n/a, $-   
100497,12/14/2010,Online, $500 ,B,Decline,D,n/a, $-   
100498,12/14/2010,Online, $500 ,N,Decline,D,n/a, $-   
100499,12/14/2010,Store, $200 ,J,Approve,U,Good = Pay, $20 
100500,12/14/2010,Online, $300 ,B,Approve,U,Good = Pay, $30 
100501,12/14/2010,Online, $200 ,N,Decline,D,n/a, $-   
100502,12/14/2010,Online, $500 ,N,Decline,D,n/a, $-   
100503,12/14/2010,Online, $500 ,B,Decline,D,n/a, $-   
100504,12/14/2010,Online, $500 ,B,Decline,D,n/a, $-   
100505,12/14/2010,Store, $500 ,B,Approve,S,Good = Pay, $50 
100506,12/15/2010,Store, $500 ,B,Approve,S,Good = Pay, $50 
100507,12/15/2010,Online, $300 ,N,Decline,D,n/a, $-   
100508,12/15/2010,Store, $500 ,J,Decline,D,n/a, $-   
100509,12/15/2010,Online, $500 ,B,Decline,D,n/a, $-   
100510,12/15/2010,Online, $200 ,J,Approve,S,Good = Pay, $20 
100511,12/15/2010,Store, $300 ,B,Approve,U,Good = Pay, $30 
100512,12/15/2010,Online, $500 ,J,Decline,D,n/a, $-   
100513,12/15/2010,Online, $500 ,B,Decline,D,n/a, $-   
100514,12/15/2010,Online, $500 ,N,Decline,D,n/a, $-   
100515,12/15/2010,Online, $500 ,B,Decline,D,n/a, $-   
100516,12/15/2010,Online, $200 ,B,Approve,U,Good = Pay, $20 
100517,12/15/2010,Store, $500 ,B,Approve,S,Good = Pay, $50 
100518,12/15/2010,Store, $300 ,B,Approve,U,Good = Pay, $30 
100519,12/15/2010,Online, $200 ,B,Approve,U,Good = Pay, $20 
100520,12/15/2010,Online, $500 ,B,Decline,D,n/a, $-   
100521,12/15/2010,Online, $300 ,N,Decline,D,n/a, $-   
100522,12/15/2010,Online, $200 ,B,Approve,U,Good = Pay, $20 
100523,12/15/2010,Online, $500 ,J,Decline,D,n/a, $-   
100524,12/15/2010,Online, $500 ,B,Decline,D,n/a, $-   
100525,12/15/2010,Online, $500 ,N,Decline,D,n/a, $-   
100526,12/15/2010,Store, $200 ,B,Approve,U,Good = Pay, $20 
100527,12/15/2010,Store, $500 ,J,Decline,D,n/a, $-   
100528,12/15/2010,Online, $200 ,N,Decline,D,n/a, $-   
100529,12/15/2010,Online, $500 ,B,Decline,D,n/a, $-   
100530,12/15/2010,Online, $500 ,N,Decline,D,n/a, $-   
100531,12/15/2010,Online, $500 ,J,Decline,D,n/a, $-   
100532,12/15/2010,Online, $200 ,B,Approve,U,Good = Pay, $20 
100533,12/15/2010,Store, $200 ,J,Approve,U,Good = Pay, $20 
100534,12/16/2010,Store, $500 ,B,Approve,S,Good = Pay, $50 
100535,12/16/2010,Online, $200 ,B,Approve,U,Good = Pay, $20 
100536,12/16/2010,Online, $500 ,B,Decline,D,n/a, $-   
100537,12/16/2010,Online, $200 ,B,Approve,U,Good = Pay, $20 
100538,12/16/2010,Store, $300 ,J,Approve,U,Good = Pay, $30 
100539,12/16/2010,Online, $200 ,B,Approve,U,Good = Pay, $20 
100540,12/16/2010,Online, $500 ,J,Decline,D,n/a, $-   
100541,12/16/2010,Store, $500 ,N,Decline,D,n/a, $-   
100542,12/16/2010,Store, $500 ,B,Approve,S,Good = Pay, $50 
100543,12/16/2010,Online, $500 ,B,Decline,D,n/a, $-   
100544,12/16/2010,Online, $300 ,B,Approve,U,Good = Pay, $30 
100545,12/16/2010,Online, $200 ,B,Approve,U,Good = Pay, $20 
100546,12/16/2010,Online, $500 ,J,Decline,D,n/a, $-   
100547,12/16/2010,Online, $500 ,B,Decline,D,n/a, $-   
100548,12/16/2010,Online, $500 ,B,Decline,D,n/a, $-   
100549,12/16/2010,Store, $200 ,N,Approve,S,Good = Pay, $20 
100550,12/16/2010,Store, $500 ,J,Decline,D,n/a, $-   
100551,12/16/2010,Store, $300 ,B,Approve,U,Good = Pay, $30 
100552,12/16/2010,Store, $500 ,B,Approve,S,Good = Pay, $50 
100553,12/16/2010,Store, $500 ,N,Decline,D,n/a, $-   
100554,12/16/2010,Store, $200 ,B,Approve,U,Good = Pay, $20 
100555,12/16/2010,Online, $500 ,J,Decline,D,n/a, $-   
100556,12/16/2010,Store, $200 ,N,Approve,S,Good = Pay, $20 
100557,12/17/2010,Store, $200 ,N,Approve,S,Bad = Default, $(100)
100558,12/17/2010,Online, $500 ,B,Decline,D,n/a, $-   
100559,12/17/2010,Store, $500 ,B,Approve,S,Good = Pay, $50 
100560,12/17/2010,Online, $300 ,B,Approve,U,Good = Pay, $30 
100561,12/17/2010,Store, $500 ,B,Approve,S,Good = Pay, $50 
100562,12/17/2010,Store, $300 ,B,Approve,U,Good = Pay, $30 
100563,12/17/2010,Online, $200 ,J,Approve,S,Bad = Default, $(100)
100564,12/17/2010,Store, $200 ,N,Approve,S,Good = Pay, $20 
100565,12/17/2010,Store, $500 ,B,Approve,S,Good = Pay, $50 
100566,12/17/2010,Online, $500 ,B,Decline,D,n/a, $-   
100567,12/17/2010,Store, $500 ,B,Approve,S,Good = Pay, $50 
100568,12/17/2010,Online, $300 ,B,Approve,U,Good = Pay, $30 
100569,12/17/2010,Store, $200 ,B,Approve,U,Good = Pay, $20 
100570,12/17/2010,Online, $500 ,B,Decline,D,n/a, $-   
100571,12/17/2010,Store, $500 ,B,Approve,S,Good = Pay, $50 
100572,12/17/2010,Online, $500 ,N,Decline,D,n/a, $-   
100573,12/17/2010,Store, $200 ,J,Approve,U,Good = Pay, $20 
100574,12/17/2010,Online, $500 ,N,Decline,D,n/a, $-   
100575,12/17/2010,Online, $500 ,B,Decline,D,n/a, $-   
100576,12/17/2010,Store, $500 ,N,Decline,D,n/a, $-   
100577,12/17/2010,Online, $500 ,J,Decline,D,n/a, $-   
100578,12/17/2010,Store, $200 ,B,Approve,U,Good = Pay, $20 
100579,12/17/2010,Online, $500 ,N,Decline,D,n/a, $-   
100580,12/20/2010,Store, $300 ,N,Decline,D,n/a, $-   
100581,12/20/2010,Online, $500 ,J,Decline,D,n/a, $-   
100582,12/20/2010,Store, $500 ,N,Decline,D,n/a, $-   
100583,12/20/2010,Online, $500 ,B,Decline,D,n/a, $-   
100584,12/20/2010,Online, $200 ,B,Approve,U,Bad = Default, $(200)
100585,12/20/2010,Store, $500 ,B,Approve,S,Good = Pay, $50 
100586,12/20/2010,Store, $500 ,B,Approve,S,Good = Pay, $50 
100587,12/20/2010,Store, $300 ,J,Approve,U,Good = Pay, $30 
100588,12/20/2010,Store, $500 ,B,Approve,S,Good = Pay, $50 
100589,12/20/2010,Store, $500 ,B,Approve,S,Good = Pay, $50 
100590,12/20/2010,Online, $300 ,B,Approve,U,Good = Pay, $30 
100591,12/20/2010,Store, $200 ,B,Approve,U,Good = Pay, $20 
100592,12/20/2010,Store, $500 ,B,Approve,S,Good = Pay, $50 
100593,12/20/2010,Online, $500 ,B,Decline,D,n/a, $-   
100594,12/20/2010,Online, $500 ,B,Decline,D,n/a, $-   
100595,12/20/2010,Online, $500 ,B,Decline,D,n/a, $-   
100596,12/20/2010,Online, $500 ,B,Decline,D,n/a, $-   
100597,12/20/2010,Online, $500 ,B,Decline,D,n/a, $-   
100598,12/20/2010,Online, $500 ,J,Decline,D,n/a, $-   
100599,12/20/2010,Online, $500 ,B,Decline,D,n/a, $-   
100600,12/20/2010,Online, $200 ,N,Decline,D,n/a, $-   
100601,12/20/2010,Online, $500 ,B,Decline,D,n/a, $-   
100602,12/20/2010,Online, $500 ,B,Decline,D,n/a, $-   
100603,12/20/2010,Store, $200 ,B,Approve,U,Good = Pay, $20 
100604,12/20/2010,Store, $200 ,N,Approve,S,Good = Pay, $20 
100605,12/20/2010,Store, $200 ,J,Approve,U,Good = Pay, $20 
100606,12/20/2010,Online, $500 ,N,Decline,D,n/a, $-   
100607,12/20/2010,Online, $500 ,B,Decline,D,n/a, $-   
100608,12/20/2010,Store, $200 ,N,Approve,S,Good = Pay, $20 
100609,12/20/2010,Online, $500 ,N,Decline,D,n/a, $-   
100610,12/20/2010,Store, $500 ,B,Approve,S,Good = Pay, $50 
100611,12/20/2010,Store, $500 ,B,Approve,S,Good = Pay, $50 
100612,12/20/2010,Online, $200 ,B,Approve,U,Good = Pay, $20 
100613,12/20/2010,Online, $500 ,B,Decline,D,n/a, $-   
100614,12/20/2010,Store, $300 ,B,Approve,U,Good = Pay, $30 
100615,12/20/2010,Store, $200 ,B,Approve,U,Good = Pay, $20 
100616,12/20/2010,Online, $500 ,N,Decline,D,n/a, $-   
100617,12/20/2010,Online, $500 ,J,Decline,D,n/a, $-   
100618,12/20/2010,Online, $500 ,B,Decline,D,n/a, $-   
100619,12/20/2010,Online, $300 ,B,Approve,U,Good = Pay, $30 
100620,12/20/2010,Online, $200 ,N,Decline,D,n/a, $-   
100621,12/20/2010,Store, $200 ,J,Approve,U,Good = Pay, $20 
100622,12/20/2010,Store, $500 ,B,Approve,S,Good = Pay, $50 
100623,12/20/2010,Store, $500 ,B,Approve,S,Good = Pay, $50 
100624,12/20/2010,Store, $500 ,N,Decline,D,n/a, $-   
100625,12/20/2010,Online, $500 ,N,Decline,D,n/a, $-   
100626,12/20/2010,Store, $200 ,B,Approve,U,Good = Pay, $20 
100627,12/20/2010,Online, $500 ,B,Decline,D,n/a, $-   
100628,12/20/2010,Store, $300 ,B,Approve,U,Good = Pay, $30 
100629,12/20/2010,Store, $200 ,N,Approve,S,Good = Pay, $20 
100630,12/20/2010,Online, $500 ,B,Decline,D,n/a, $-   
100631,12/20/2010,Online, $500 ,J,Decline,D,n/a, $-   
100632,12/20/2010,Online, $500 ,B,Decline,D,n/a, $-   
100633,12/20/2010,Online, $200 ,N,Decline,D,n/a, $-   
100634,12/20/2010,Online, $500 ,B,Decline,D,n/a, $-   
100635,12/20/2010,Online, $500 ,B,Decline,D,n/a, $-   
100636,12/20/2010,Store, $200 ,B,Approve,U,Good = Pay, $20 
100637,12/20/2010,Store, $200 ,N,Approve,S,Good = Pay, $20 
100638,12/20/2010,Store, $200 ,J,Approve,U,Good = Pay, $20 
100639,12/20/2010,Online, $500 ,N,Decline,D,n/a, $-   
100640,12/20/2010,Online, $500 ,B,Decline,D,n/a, $-   
100641,12/20/2010,Store, $200 ,N,Approve,S,Good = Pay, $20 
100642,12/20/2010,Online, $500 ,N,Decline,D,n/a, $-   
100643,12/20/2010,Store, $500 ,B,Approve,S,Good = Pay, $50 
100644,12/20/2010,Store, $500 ,B,Approve,S,Bad = Default, $(400)
100645,12/20/2010,Online, $200 ,B,Approve,U,Good = Pay, $20 
100646,12/20/2010,Online, $500 ,B,Decline,D,n/a, $-   
100647,12/20/2010,Store, $300 ,B,Approve,U,Good = Pay, $30 
100648,12/20/2010,Store, $200 ,B,Approve,U,Good = Pay, $20 
100649,12/20/2010,Online, $500 ,N,Decline,D,n/a, $-   
100650,12/20/2010,Online, $500 ,J,Decline,D,n/a, $-   
100651,12/20/2010,Online, $500 ,B,Decline,D,n/a, $-   
100652,12/20/2010,Online, $300 ,B,Approve,U,Good = Pay, $30 
100653,12/20/2010,Online, $200 ,N,Decline,D,n/a, $-   
100654,12/20/2010,Store, $500 ,J,Decline,D,n/a, $-   
100655,12/21/2010,Store, $200 ,B,Approve,U,Good = Pay, $20 
100656,12/21/2010,Store, $500 ,B,Approve,S,Good = Pay, $50 
100657,12/21/2010,Store, $300 ,N,Decline,D,n/a, $-   
100658,12/21/2010,Store, $200 ,B,Approve,U,Good = Pay, $20 
100659,12/21/2010,Store, $500 ,J,Decline,D,n/a, $-   
100660,12/21/2010,Store, $500 ,N,Decline,D,n/a, $-   
100661,12/21/2010,Online, $200 ,B,Approve,U,Good = Pay, $20 
100662,12/21/2010,Store, $500 ,B,Approve,S,Good = Pay, $50 
100663,12/21/2010,Online, $500 ,J,Decline,D,n/a, $-   
100664,12/21/2010,Online, $200 ,B,Approve,U,Good = Pay, $20 
100665,12/21/2010,Store, $500 ,N,Decline,D,n/a, $-   
100666,12/21/2010,Store, $300 ,N,Decline,D,n/a, $-   
100667,12/21/2010,Online, $200 ,B,Approve,U,Good = Pay, $20 
100668,12/21/2010,Online, $500 ,B,Decline,D,n/a, $-   
100669,12/21/2010,Online, $500 ,B,Decline,D,n/a, $-   
100670,12/21/2010,Online, $500 ,B,Decline,D,n/a, $-   
100671,12/21/2010,Online, $300 ,B,Approve,U,Good = Pay, $30 
100672,12/21/2010,Online, $200 ,B,Approve,U,Bad = Default, $(200)
100673,12/21/2010,Online, $500 ,N,Decline,D,n/a, $-   
100674,12/21/2010,Store, $500 ,J,Decline,D,n/a, $-   
100675,12/22/2010,Online, $300 ,B,Approve,U,Bad = Default, $(300)
100676,12/22/2010,Online, $200 ,B,Approve,U,Good = Pay, $20 
100677,12/22/2010,Online, $500 ,N,Decline,D,n/a, $-   
100678,12/22/2010,Online, $500 ,N,Decline,D,n/a, $-   
100679,12/22/2010,Store, $300 ,J,Approve,U,Good = Pay, $30 
100680,12/22/2010,Store, $200 ,B,Approve,U,Good = Pay, $20 
100681,12/22/2010,Online, $500 ,B,Decline,D,n/a, $-   
100682,12/22/2010,Online, $500 ,B,Decline,D,n/a, $-   
100683,12/22/2010,Online, $500 ,B,Decline,D,n/a, $-   
100684,12/22/2010,Online, $200 ,B,Approve,U,Good = Pay, $20 
100685,12/22/2010,Online, $500 ,N,Decline,D,n/a, $-   
100686,12/22/2010,Online, $300 ,B,Approve,U,Good = Pay, $30 
100687,12/22/2010,Online, $200 ,J,Approve,S,Good = Pay, $20 
100688,12/22/2010,Online, $500 ,B,Decline,D,n/a, $-   
100689,12/22/2010,Online, $500 ,N,Decline,D,n/a, $-   
100690,12/23/2010,Online, $500 ,B,Decline,D,n/a, $-   
100691,12/23/2010,Store, $200 ,B,Approve,U,Good = Pay, $20 
100692,12/23/2010,Store, $500 ,N,Decline,D,n/a, $-   
100693,12/23/2010,Store, $200 ,N,Approve,S,Good = Pay, $20 
100694,12/23/2010,Online, $300 ,B,Approve,U,Good = Pay, $30 
100695,12/23/2010,Store, $500 ,B,Approve,S,Good = Pay, $50 
100696,12/23/2010,Store, $500 ,B,Approve,S,Good = Pay, $50 
100697,12/23/2010,Store, $200 ,B,Approve,U,Good = Pay, $20 
100698,12/23/2010,Online, $300 ,J,Decline,D,n/a, $-   
100699,12/23/2010,Online, $500 ,J,Decline,D,n/a, $-   
100700,12/23/2010,Online, $200 ,B,Approve,U,Good = Pay, $20 
100701,12/23/2010,Store, $500 ,N,Decline,D,n/a, $-   
100702,12/23/2010,Store, $300 ,B,Approve,U,Good = Pay, $30 
100703,12/23/2010,Store, $200 ,J,Approve,U,Bad = Default, $(200)
100704,12/23/2010,Online, $500 ,N,Decline,D,n/a, $-   
100705,12/23/2010,Store, $500 ,B,Approve,S,Good = Pay, $50 
100706,12/23/2010,Store, $500 ,B,Approve,S,Good = Pay, $50 
100707,12/23/2010,Online, $200 ,B,Approve,U,Good = Pay, $20 
100708,12/23/2010,Store, $500 ,J,Decline,D,n/a, $-   
100709,12/23/2010,Store, $500 ,N,Decline,D,n/a, $-   
100710,12/23/2010,Online, $200 ,B,Approve,U,Good = Pay, $20 
100711,12/23/2010,Online, $500 ,B,Decline,D,n/a, $-   
100712,12/23/2010,Store, $500 ,B,Approve,S,Good = Pay, $50 
100713,12/23/2010,Store, $200 ,J,Approve,U,Good = Pay, $20 
100714,12/23/2010,Online, $500 ,B,Decline,D,n/a, $-   
100715,12/23/2010,Online, $200 ,J,Approve,S,Good = Pay, $20 
100716,12/23/2010,Store, $500 ,N,Decline,D,n/a, $-   
100717,12/24/2010,Store, $300 ,B,Approve,U,Good = Pay, $30 
100718,12/24/2010,Store, $200 ,B,Approve,U,Good = Pay, $20 
100719,12/24/2010,Store, $500 ,B,Approve,S,Good = Pay, $50 
100720,12/24/2010,Store, $500 ,B,Approve,S,Good = Pay, $50 
100721,12/24/2010,Online, $300 ,N,Decline,D,n/a, $-   
100722,12/24/2010,Online, $200 ,N,Decline,D,n/a, $-   
100723,12/24/2010,Online, $500 ,B,Decline,D,n/a, $-   
100724,12/24/2010,Store, $300 ,B,Approve,U,Good = Pay, $30 
100725,12/24/2010,Store, $200 ,B,Approve,U,Good = Pay, $20 
100726,12/24/2010,Store, $500 ,B,Approve,S,Good = Pay, $50 
100727,12/24/2010,Store, $500 ,B,Approve,S,Good = Pay, $50 
100728,12/24/2010,Online, $300 ,N,Decline,D,n/a, $-   
100729,12/24/2010,Online, $200 ,N,Decline,D,n/a, $-   
100730,12/24/2010,Online, $500 ,B,Decline,D,n/a, $-   
100731,12/24/2010,Store, $300 ,B,Approve,U,Good = Pay, $30 
100732,12/24/2010,Store, $200 ,B,Approve,U,Good = Pay, $20 
100733,12/24/2010,Store, $500 ,B,Approve,S,Good = Pay, $50 
100734,12/24/2010,Store, $500 ,B,Approve,S,Good = Pay, $50 
100735,12/27/2010,Online, $200 ,B,Approve,U,Good = Pay, $20 
100736,12/27/2010,Online, $500 ,B,Decline,D,n/a, $-   
100737,12/27/2010,Store, $300 ,B,Approve,U,Good = Pay, $30 
100738,12/27/2010,Store, $200 ,B,Approve,U,Good = Pay, $20 
100739,12/27/2010,Online, $500 ,N,Decline,D,n/a, $-   
100740,12/27/2010,Online, $500 ,J,Decline,D,n/a, $-   
100741,12/27/2010,Online, $500 ,B,Decline,D,n/a, $-   
100742,12/27/2010,Online, $300 ,B,Approve,U,Good = Pay, $30 
100743,12/27/2010,Online, $200 ,N,Decline,D,n/a, $-   
100744,12/27/2010,Store, $500 ,J,Decline,D,n/a, $-   
100745,12/27/2010,Store, $500 ,B,Approve,S,Good = Pay, $50 
100746,12/27/2010,Store, $500 ,B,Approve,S,Good = Pay, $50 
100747,12/27/2010,Store, $500 ,N,Decline,D,n/a, $-   
100748,12/27/2010,Online, $500 ,N,Decline,D,n/a, $-   
100749,12/27/2010,Online, $500 ,N,Decline,D,n/a, $-   
100750,12/27/2010,Store, $500 ,B,Approve,S,Good = Pay, $50 
100751,12/27/2010,Online, $500 ,B,Decline,D,n/a, $-   
100752,12/27/2010,Online, $500 ,N,Decline,D,n/a, $-   
100753,12/27/2010,Online, $200 ,J,Approve,S,Good = Pay, $20 
100754,12/27/2010,Online, $500 ,N,Decline,D,n/a, $-   
100755,12/27/2010,Online, $500 ,B,Decline,D,n/a, $-   
100756,12/27/2010,Store, $200 ,B,Approve,U,Good = Pay, $20 
100757,12/27/2010,Store, $500 ,B,Approve,S,Good = Pay, $50 
100758,12/27/2010,Online, $300 ,J,Decline,D,n/a, $-   
100759,12/27/2010,Online, $200 ,N,Decline,D,n/a, $-   
100760,12/27/2010,Online, $500 ,B,Decline,D,n/a, $-   
100761,12/27/2010,Online, $200 ,J,Approve,S,Good = Pay, $20 
100762,12/27/2010,Online, $500 ,B,Decline,D,n/a, $-   
100763,12/27/2010,Online, $500 ,B,Decline,D,n/a, $-   
100764,12/27/2010,Store, $500 ,B,Approve,S,Good = Pay, $50 
100765,12/27/2010,Store, $200 ,B,Approve,U,Good = Pay, $20 
100766,12/27/2010,Online, $500 ,N,Decline,D,n/a, $-   
100767,12/27/2010,Store, $200 ,N,Approve,S,Bad = Default, $(100)
100768,12/27/2010,Store, $200 ,N,Approve,S,Good = Pay, $20 
100769,12/27/2010,Store, $200 ,J,Approve,U,Good = Pay, $20 
100770,12/27/2010,Online, $500 ,B,Decline,D,n/a, $-   
100771,12/27/2010,Store, $500 ,B,Approve,S,Bad = Default, $(400)
100772,12/27/2010,Store, $200 ,B,Approve,U,Good = Pay, $20 
100773,12/27/2010,Store, $200 ,J,Approve,U,Good = Pay, $20 
100774,12/27/2010,Online, $200 ,N,Decline,D,n/a, $-   
100775,12/27/2010,Store, $300 ,N,Decline,D,n/a, $-   
100776,12/27/2010,Store, $300 ,B,Approve,U,Good = Pay, $30 
100777,12/27/2010,Store, $500 ,B,Approve,S,Bad = Default, $(400)
100778,12/27/2010,Store, $200 ,B,Approve,U,Good = Pay, $20 
100779,12/27/2010,Store, $500 ,J,Decline,D,n/a, $-   
100780,12/27/2010,Online, $200 ,N,Decline,D,n/a, $-   
100781,12/27/2010,Store, $300 ,N,Decline,D,n/a, $-   
100782,12/27/2010,Store, $300 ,B,Approve,U,Good = Pay, $30 
100783,12/27/2010,Store, $500 ,B,Approve,S,Bad = Default, $(400)
100784,12/27/2010,Store, $200 ,B,Approve,U,Good = Pay, $20 
100785,12/27/2010,Store, $500 ,J,Decline,D,n/a, $-   
100786,12/27/2010,Online, $200 ,N,Decline,D,n/a, $-   
100787,12/27/2010,Store, $300 ,N,Decline,D,n/a, $-   
100788,12/27/2010,Store, $300 ,B,Approve,U,Good = Pay, $30 
100789,12/27/2010,Store, $500 ,B,Approve,S,Bad = Default, $(400)
100790,12/27/2010,Store, $200 ,B,Approve,U,Good = Pay, $20 
100791,12/27/2010,Store, $500 ,J,Decline,D,n/a, $-   
100792,12/27/2010,Online, $200 ,N,Decline,D,n/a, $-   
100793,12/27/2010,Store, $300 ,N,Decline,D,n/a, $-   
100794,12/27/2010,Store, $300 ,B,Approve,U,Good = Pay, $30 
100795,12/27/2010,Store, $200 ,B,Approve,U,Good = Pay, $20 
100796,12/27/2010,Online, $500 ,B,Decline,D,n/a, $-   
100797,12/27/2010,Store, $300 ,B,Approve,U,Good = Pay, $30 
100798,12/27/2010,Store, $200 ,N,Approve,S,Good = Pay, $20 
100799,12/28/2010,Store, $200 ,B,Approve,U,Good = Pay, $20 
100800,12/28/2010,Store, $500 ,B,Approve,S,Good = Pay, $50 
100801,12/28/2010,Store, $500 ,B,Approve,S,Good = Pay, $50 
100802,12/28/2010,Online, $500 ,N,Decline,D,n/a, $-   
100803,12/28/2010,Store, $200 ,N,Approve,S,Good = Pay, $20 
100804,12/28/2010,Store, $200 ,B,Approve,U,Good = Pay, $20 
100805,12/28/2010,Store, $500 ,B,Approve,S,Good = Pay, $50 
100806,12/28/2010,Store, $500 ,B,Approve,S,Good = Pay, $50 
100807,12/28/2010,Online, $500 ,N,Decline,D,n/a, $-   
100808,12/28/2010,Store, $200 ,N,Approve,S,Good = Pay, $20 
100809,12/28/2010,Store, $200 ,B,Approve,U,Good = Pay, $20 
100810,12/28/2010,Store, $500 ,B,Approve,S,Good = Pay, $50 
100811,12/28/2010,Store, $500 ,B,Approve,S,Good = Pay, $50 
100812,12/28/2010,Online, $500 ,N,Decline,D,n/a, $-   
100813,12/28/2010,Store, $200 ,N,Approve,S,Good = Pay, $20 
100814,12/28/2010,Store, $200 ,B,Approve,U,Good = Pay, $20 
100815,12/28/2010,Store, $500 ,B,Approve,S,Good = Pay, $50 
100816,12/28/2010,Store, $500 ,B,Approve,S,Good = Pay, $50 
100817,12/28/2010,Online, $500 ,N,Decline,D,n/a, $-   
100818,12/29/2010,Store, $500 ,N,Decline,D,n/a, $-   
100819,12/29/2010,Store, $500 ,B,Approve,S,Bad = Default, $(400)
100820,12/29/2010,Store, $200 ,B,Approve,U,Good = Pay, $20 
100821,12/29/2010,Online, $200 ,B,Approve,U,Good = Pay, $20 
100822,12/29/2010,Store, $300 ,B,Approve,U,Good = Pay, $30 
100823,12/29/2010,Store, $500 ,N,Decline,D,n/a, $-   
100824,12/29/2010,Store, $500 ,B,Approve,S,Bad = Default, $(400)
100825,12/29/2010,Store, $200 ,B,Approve,U,Good = Pay, $20 
100826,12/29/2010,Online, $200 ,B,Approve,U,Good = Pay, $20 
100827,12/29/2010,Store, $300 ,B,Approve,U,Good = Pay, $30 
100828,12/29/2010,Store, $500 ,N,Decline,D,n/a, $-   
100829,12/29/2010,Store, $500 ,B,Approve,S,Bad = Default, $(400)
100830,12/29/2010,Store, $200 ,B,Approve,U,Good = Pay, $20 
100831,12/29/2010,Online, $200 ,B,Approve,U,Good = Pay, $20 
100832,12/29/2010,Store, $300 ,B,Approve,U,Good = Pay, $30 
100833,12/30/2010,Online, $200 ,N,Decline,D,n/a, $-   
100834,12/30/2010,Online, $500 ,B,Decline,D,n/a, $-   
100835,12/30/2010,Store, $500 ,B,Approve,S,Good = Pay, $50 
100836,12/30/2010,Online, $300 ,J,Decline,D,n/a, $-   
100837,12/30/2010,Online, $200 ,N,Decline,D,n/a, $-   
100838,12/30/2010,Online, $300 ,B,Approve,U,Good = Pay, $30 
100839,12/30/2010,Store, $500 ,B,Approve,S,Good = Pay, $50 
100840,12/30/2010,Online, $500 ,B,Decline,D,n/a, $-   
100841,12/30/2010,Online, $200 ,N,Decline,D,n/a, $-   
100842,12/30/2010,Online, $200 ,N,Decline,D,n/a, $-   
100843,12/30/2010,Online, $200 ,N,Decline,D,n/a, $-   
100844,12/31/2010,Store, $500 ,B,Approve,S,Bad = Default, $(400)
100845,12/31/2010,Online, $300 ,J,Decline,D,n/a, $-   
100846,12/31/2010,Online, $200 ,J,Approve,S,Good = Pay, $20 
100847,12/31/2010,Online, $500 ,N,Decline,D,n/a, $-   
100848,12/31/2010,Store, $500 ,B,Approve,S,Bad = Default, $(400)
100849,12/31/2010,Store, $500 ,N,Decline,D,n/a, $-   
100850,12/15/2010,Online, $300 ,N,Decline,D,n/a, $-   
100851,12/15/2010,Online, $500 ,N,Decline,D,n/a, $-   
100852,12/15/2010,Online, $200 ,N,Decline,D,n/a, $-   
100853,12/15/2010,Online, $500 ,N,Decline,D,n/a, $-   
100854,12/17/2010,Online, $500 ,N,Decline,D,n/a, $-   
100855,12/17/2010,Online, $500 ,N,Decline,D,n/a, $-   
100856,12/17/2010,Online, $500 ,N,Decline,D,n/a, $-   
100857,12/20/2010,Online, $200 ,N,Decline,D,n/a, $-   
100858,12/20/2010,Online, $500 ,N,Decline,D,n/a, $-   
100859,12/20/2010,Online, $500 ,N,Decline,D,n/a, $-   
100860,12/20/2010,Online, $500 ,N,Decline,D,n/a, $-   
100861,12/20/2010,Online, $200 ,N,Decline,D,n/a, $-   
100862,12/20/2010,Online, $500 ,N,Decline,D,n/a, $-   
100863,12/20/2010,Online, $200 ,N,Decline,D,n/a, $-   
100864,12/20/2010,Online, $500 ,N,Decline,D,n/a, $-   
100865,12/20/2010,Online, $500 ,N,Decline,D,n/a, $-   
100866,12/20/2010,Online, $500 ,N,Decline,D,n/a, $-   
100867,12/20/2010,Online, $200 ,N,Decline,D,n/a, $-   
100868,12/21/2010,Online, $500 ,N,Decline,D,n/a, $-   
100869,12/22/2010,Online, $500 ,N,Decline,D,n/a, $-   
100870,12/22/2010,Online, $500 ,N,Decline,D,n/a, $-   
100871,12/22/2010,Online, $500 ,N,Decline,D,n/a, $-   
100872,12/22/2010,Online, $500 ,N,Decline,D,n/a, $-   
100873,12/23/2010,Online, $500 ,N,Decline,D,n/a, $-   
100874,12/24/2010,Online, $300 ,N,Decline,D,n/a, $-   
100875,12/24/2010,Online, $200 ,N,Decline,D,n/a, $-   
100876,12/24/2010,Online, $300 ,N,Decline,D,n/a, $-   
100877,12/24/2010,Online, $200 ,N,Decline,D,n/a, $-   
100878,12/27/2010,Online, $500 ,N,Decline,D,n/a, $-   
100879,12/27/2010,Online, $200 ,N,Decline,D,n/a, $-   
100880,12/27/2010,Online, $500 ,N,Decline,D,n/a, $-   
100881,12/27/2010,Online, $500 ,N,Decline,D,n/a, $-   
100882,12/27/2010,Online, $500 ,N,Decline,D,n/a, $-   
100883,12/27/2010,Online, $500 ,N,Decline,D,n/a, $-   
100884,12/27/2010,Online, $200 ,N,Decline,D,n/a, $-   
100885,12/27/2010,Online, $500 ,N,Decline,D,n/a, $-   
100886,12/27/2010,Online, $200 ,N,Decline,D,n/a, $-   
100887,12/27/2010,Online, $200 ,N,Decline,D,n/a, $-   
100888,12/27/2010,Online, $200 ,N,Decline,D,n/a, $-   
100889,12/27/2010,Online, $200 ,N,Decline,D,n/a, $-   
100890,12/28/2010,Online, $500 ,N,Decline,D,n/a, $-   
100891,12/28/2010,Online, $500 ,N,Decline,D,n/a, $-   
100892,12/28/2010,Online, $500 ,N,Decline,D,n/a, $-   
100893,12/28/2010,Online, $500 ,N,Decline,D,n/a, $-   
100894,12/30/2010,Online, $200 ,N,Decline,D,n/a, $-   
100895,12/30/2010,Online, $200 ,N,Decline,D,n/a, $-   
100896,12/30/2010,Online, $200 ,N,Decline,D,n/a, $-   
100897,12/30/2010,Online, $200 ,N,Decline,D,n/a, $-   
100898,12/30/2010,Online, $200 ,N,Decline,D,n/a, $-   
100899,12/31/2010,Online, $500 ,N,Decline,D,n/a, $-   
